
{
    "region" : "eu-central-1",
    "configuration" : "Debug",
    "framework"     : "net5.0",
    "self-contained" : false,
    "application"    : "HenigHonig",
    "environment"    : "HenigHonig-dev",
    "enable-xray"    : false,
    "enhanced-health-type" : "basic",
    "additional-options"   : "",
    "solution-stack"       : "64bit Amazon Linux 2 v2.5.3 running .NET Core",
    "environment-type"     : "SingleInstance",
    "cname"                : "henighonig-dev",
    "instance-type"        : "t2.small",
    "key-pair"             : "",
    "instance-profile"     : "aws-elasticbeanstalk-ec2-role",
    "service-role"         : "aws-elasticbeanstalk-service-role",
    "proxy-server"         : "nginx"
}